"entidad_federativa","municipio","anio","tipo_contaminante","nombre_contaminante","numero_sitios"
"Aguascalientes","Aguascalientes","2016","Hidrocarburos, fracción ligera","Gasolina","1"
"Aguascalientes","Aguascalientes","2024","Hidrocarburos, fracción media","Diésel","2"
"Baja California","Tecate","2016","Hidrocarburos, más de una fracción","Más de un combustible o producto","6"
"Baja California","Tecate","2024","Hidrocarburos, fracción media","Diésel","2"
"Baja California","Tijuana","2016","Hidrocarburos, fracción ligera","Gasolina","1"
"Baja California","Tijuana","2016","Hidrocarburos, fracción media","Diésel","1"
"Baja California","Tijuana","2019","Hidrocarburos, fracción media","Turbosina","1"
"Baja California Sur","Comondú","2016","Hidrocarburos, fracción media","Diésel","1"
"Baja California Sur","Comondú","2022","Hidrocarburos, fracción media","Diésel","1"
"Baja California Sur","Mulegé","2017","Hidrocarburos, fracción media","Diésel","1"
"Baja California Sur","La Paz","2016","Hidrocarburos, fracción media","Turbosina","1"
"Baja California Sur","La Paz","2018","Hidrocarburos, fracción ligera","Gasolina","1"
"Baja California Sur","La Paz","2019","Hidrocarburos, fracción media","Diésel","1"
"Baja California Sur","La Paz","2021","Hidrocarburos, fracción media","Turbosina","1"
"Campeche","Carmen","2016","Hidrocarburos, fracción pesada","Combustóleo","1"
"Campeche","Carmen","2024","Hidrocarburos, más de una fracción","Más de un combustible o producto","2"
"Campeche","Champotón","2016","Hidrocarburos, fracción pesada","Combustóleo","1"
"Campeche","Champotón","2018","Hidrocarburos, fracción media","Diésel","1"
"Campeche","Escárcega","2017","Hidrocarburos, fracción media","Diésel","1"
"Coahuila","Arteaga","2021","Hidrocarburos, fracción media","Diésel","1"
"Coahuila","Escobedo","2023","Hidrocarburos, fracción ligera","Gasolina","1"
"Coahuila","Monclova","2024","Hidrocarburos, fracción media","Diésel","1"
"Coahuila","Parras","2022","Hidrocarburos, fracción media","Diésel","1"
"Coahuila","Parras","2023","Hidrocarburos, fracción media","Diésel","1"
"Coahuila","Ramos Arizpe","2021","Hidrocarburos, fracción media","Diésel","1"
"Coahuila","Ramos Arizpe","2022","Hidrocarburos, fracción ligera","Gasolina","1"
"Coahuila","Saltillo","2016","Hidrocarburos, fracción media","Diésel","1"
"Coahuila","Saltillo","2018","Hidrocarburos, más de una fracción","Más de un combustible o producto","1"
"Coahuila","Saltillo","2021","Hidrocarburos, fracción ligera","Gasolina","1"
"Coahuila","Saltillo","2022","Hidrocarburos, más de una fracción","Más de un combustible o producto","3"
"Coahuila","Saltillo","2023","Hidrocarburos, más de una fracción","Más de un combustible o producto","2"
"Coahuila","San Pedro","2018","Hidrocarburos, fracción media","Diésel","1"
"Coahuila","San Pedro","2019","Hidrocarburos, fracción media","Diésel","1"
"Coahuila","San Pedro","2024","Hidrocarburos, fracción ligera","Gasolina","1"
"Coahuila","Torreón","2022","Hidrocarburos, fracción media","Diésel","1"
"Coahuila","Torreón","2023","Hidrocarburos, fracción media","Diésel","1"
"Coahuila","Viesca","2022","Hidrocarburos, fracción ligera","Gasolina","1"
"Coahuila","Viesca","2024","Hidrocarburos, fracción ligera","Gasolina","1"
"Colima","Colima","2019","Hidrocarburos, fracción ligera","Gasolina","1"
"Colima","Colima","2023","Hidrocarburos, fracción media","Diésel","1"
"Colima","Manzanillo","2017","Hidrocarburos, fracción pesada","Combustóleo","1"
"Colima","Tecomán","2019","Hidrocarburos, fracción media","Diésel","1"
"Chiapas","Arriaga","2021","Hidrocarburos, fracción ligera","Gasolina","1"
"Chiapas","Juárez","2016","Hidrocarburos, fracción pesada","Petróleo crudo","1"
"Chiapas","Ocozocoautla de Espinosa","2022","Hidrocarburos, fracción ligera","Gasolina","1"
"Chiapas","Villa Comaltitlán","2020","Hidrocarburos, fracción media","Diésel","1"
"Chiapas","Tapachula","2017","Hidrocarburos, fracción media","Diésel","1"
"Chiapas","Mezcalapa","2016","Hidrocarburos, fracción media","Diésel","1"
"Chiapas","Mezcalapa","2023","Hidrocarburos, fracción media","Diésel","1"
"Chihuahua","Ahumada","2017","Hidrocarburos, fracción media","Diésel","1"
"Chihuahua","Ahumada","2022","Hidrocarburos, fracción media","Diésel","1"
"Chihuahua","Ahumada","2023","Hidrocarburos, fracción media","Diésel","1"
"Chihuahua","Bocoyna","2017","Hidrocarburos, fracción media","Diésel","1"
"Chihuahua","Bocoyna","2019","Hidrocarburos, fracción media","Diésel","1"
"Chihuahua","Camargo","2019","Hidrocarburos, fracción media","Diésel","1"
"Chihuahua","Camargo","2020","Hidrocarburos, fracción media","Diésel","1"
"Chihuahua","Cuauhtémoc","2019","Hidrocarburos, fracción media","Diésel","1"
"Chihuahua","Cuauhtémoc","2020","Hidrocarburos, fracción media","Diésel","1"
"Chihuahua","Chihuahua","2020","Hidrocarburos, más de una fracción","Mezclas de productos derivados del petróleo","1"
"Chihuahua","Chihuahua","2023","Hidrocarburos, fracción media","Turbosina","1"
"Chihuahua","Chihuahua","2024","Hidrocarburos, fracción ligera","Gasolina","1"
"Chihuahua","Santa Isabel","2023","Hidrocarburos, fracción media","Diésel","1"
"Chihuahua","Guerrero","2018","Hidrocarburos, fracción media","Diésel","1"
"Chihuahua","Guerrero","2019","Hidrocarburos, fracción media","Diésel","1"
"Chihuahua","Guerrero","2020","Hidrocarburos, fracción media","Diésel","1"
"Chihuahua","Guerrero","2021","Hidrocarburos, fracción media","Diésel","3"
"Chihuahua","Guerrero","2022","Hidrocarburos, fracción media","Diésel","1"
"Chihuahua","Guerrero","2023","Hidrocarburos, fracción media","Diésel","2"
"Chihuahua","Guerrero","2024","Hidrocarburos, fracción media","Diésel","3"
"Chihuahua","Janos","2017","Hidrocarburos, fracción media","Turbosina","1"
"Chihuahua","Janos","2019","Hidrocarburos, fracción media","Diésel","1"
"Chihuahua","Janos","2021","Hidrocarburos, fracción ligera","Gasolina","1"
"Chihuahua","Jiménez","2021","Hidrocarburos, fracción ligera","Gasolina","1"
"Chihuahua","Jiménez","2022","Hidrocarburos, fracción ligera","Gasolina","1"
"Chihuahua","Jiménez","2023","Hidrocarburos, fracción media","Diésel","1"
"Chihuahua","Juárez","2019","Hidrocarburos, fracción ligera","Gasolina","2"
"Chihuahua","Juárez","2022","Hidrocarburos, fracción ligera","Gasolina","1"
"Chihuahua","Juárez","2023","Hidrocarburos, fracción ligera","Gasolina","1"
"Chihuahua","Juárez","2024","Hidrocarburos, fracción media","Diésel","1"
"Chihuahua","Madera","2024","Hidrocarburos, fracción media","Diésel","1"
"Chihuahua","Meoqui","2018","Hidrocarburos, fracción media","Diésel","1"
"Chihuahua","Meoqui","2019","Hidrocarburos, fracción media","Diésel","1"
"Chihuahua","Meoqui","2021","Hidrocarburos, fracción media","Diésel","1"
"Chihuahua","Meoqui","2023","Hidrocarburos, fracción media","Diésel","1"
"Chihuahua","Ocampo","2024","Hidrocarburos, fracción media","Diésel","1"
"Chihuahua","Temósachic","2017","Hidrocarburos, fracción media","Turbosina","1"
"Chihuahua","Temósachic","2024","Hidrocarburos, fracción media","Diésel","1"
"Chihuahua","Urique","2019","Hidrocarburos, fracción media","Diésel","1"
"Chihuahua","Varios","2016","Hidrocarburos, fracción media","Diésel","1"
"Ciudad de México","Cuajimalpa de Morelos","2021","Hidrocarburos, más de una fracción","Más de un combustible o producto","1"
"Ciudad de México","Venustiano Carranza","2020","Hidrocarburos, fracción ligera","Gasolina","1"
"Durango","Cuencamé","2017","Hidrocarburos, fracción pesada","Combustóleo","2"
"Durango","Gómez Palacio","2018","Hidrocarburos, más de una fracción","Mezclas de productos derivados del petróleo","1"
"Durango","Gómez Palacio","2019","Hidrocarburos, más de una fracción","Mezclas de productos derivados del petróleo","1"
"Durango","Guadalupe Victoria","2023","Hidrocarburos, fracción media","Diésel","1"
"Durango","Lerdo","2020","Hidrocarburos, fracción media","Diésel","1"
"Durango","Santa Clara","2020","Hidrocarburos, fracción media","Diésel","1"
"Durango","Santiago Papasquiaro","2024","Hidrocarburos, fracción media","Diésel","1"
"Guanajuato","Apaseo El Grande","2017","Hidrocarburos, fracción ligera","Gasolina","1"
"Guanajuato","Apaseo El Grande","2018","Hidrocarburos, fracción pesada","Combustóleo","1"
"Guanajuato","Apaseo El Grande","2020","Hidrocarburos, fracción media","Diésel","1"
"Guanajuato","Celaya","2018","Hidrocarburos, fracción ligera","Gasolina","2"
"Guanajuato","Celaya","2018","Hidrocarburos, fracción pesada","Combustóleo","1"
"Guanajuato","Celaya","2020","Hidrocarburos, fracción ligera","Gasolina","1"
"Guanajuato","Irapuato","2019","Hidrocarburos, fracción pesada","Combustóleo","2"
"Guanajuato","Irapuato","2022","Hidrocarburos, fracción ligera","Gasolina","1"
"Guanajuato","Irapuato","2024","Hidrocarburos, fracción media","Diésel","1"
"Guanajuato","Ocampo","2019","Hidrocarburos, fracción media","Turbosina","1"
"Guanajuato","Ocampo","2020","Hidrocarburos, fracción media","Turbosina","1"
"Guanajuato","Ocampo","2024","Hidrocarburos, fracción media","Diésel","1"
"Guanajuato","San Felipe","2016","Hidrocarburos, fracción pesada","Combustóleo","1"
"Guanajuato","San Felipe","2017","Hidrocarburos, fracción pesada","Combustóleo","1"
"Guanajuato","San Felipe","2022","Hidrocarburos, fracción pesada","Combustóleo","1"
"Guanajuato","San Felipe","2024","Hidrocarburos, fracción pesada","Combustóleo","1"
"Guanajuato","San Luis de La Paz","2018","Hidrocarburos, fracción ligera","Gasolina","1"
"Guanajuato","San Luis de La Paz","2018","Hidrocarburos, fracción media","Diésel","1"
"Guanajuato","San Luis de La Paz","2019","Hidrocarburos, fracción media","Turbosina","1"
"Guanajuato","San Luis de La Paz","2021","Hidrocarburos, fracción media","Turbosina","1"
"Guanajuato","Uriangato","2018","Hidrocarburos, fracción ligera","Gasolina","1"
"Guanajuato","Valle de Santiago","2017","Hidrocarburos, fracción media","Diésel","1"
"Guerrero","Acapulco de Juárez","2019","Hidrocarburos, fracción media","Diésel","1"
"Guerrero","Ixcateopan de Cuauhtémoc","2019","Hidrocarburos, fracción ligera","Gasolina","1"
"Guerrero","Taxco de Alarcón","2024","Hidrocarburos, fracción ligera","Gasolina","1"
"Guerrero","La Unión de Isidoro Montes de Oca","2018","Hidrocarburos, fracción ligera","Gasolina","1"
"Guerrero","La Unión de Isidoro Montes de Oca","2024","Hidrocarburos, fracción ligera","Gasolina","1"
"Guerrero","Eduardo Neri","2017","Hidrocarburos, fracción media","Diésel","1"
"Hidalgo","Acaxochitlán","2022","Hidrocarburos, más de una fracción","Más de un combustible o producto","3"
"Hidalgo","Acaxochitlán","2023","Hidrocarburos, más de una fracción","Más de un combustible o producto","3"
"Hidalgo","Atitalaquia","2021","Hidrocarburos, fracción media","Diésel","1"
"Hidalgo","Emiliano Zapata","2024","Hidrocarburos, fracción pesada","Combustóleo","1"
"Hidalgo","Epazoyucan","2020","Hidrocarburos, fracción ligera","Gasolina","1"
"Hidalgo","Singuilucan","2015","Hidrocarburos, fracción ligera","Gasolina","1"
"Hidalgo","Singuilucan","2024","Hidrocarburos, fracción media","Turbosina","1"
"Hidalgo","Tetepango","2015","Hidrocarburos, fracción ligera","Gasolina","1"
"Hidalgo","Villa de Tezontepec","2020","Hidrocarburos, más de una fracción","Más de un combustible o producto","1"
"Hidalgo","Tulancingo de Bravo","2019","Hidrocarburos, fracción media","Diésel","1"
"Hidalgo","Tulancingo de Bravo","2022","Hidrocarburos, fracción ligera","Gasolina","1"
"Hidalgo","Tulancingo de Bravo","2023","Hidrocarburos, fracción ligera","Gasolina","1"
"Hidalgo","Tulancingo de Bravo","2024","Hidrocarburos, fracción ligera","Gasolina","1"
"Jalisco","Acatic","2022","Hidrocarburos, fracción ligera","Gasolina","1"
"Jalisco","Acatic","2024","Hidrocarburos, fracción ligera","Gasolina","1"
"Jalisco","Atoyac","2024","Hidrocarburos, fracción ligera","Gasolina","1"
"Jalisco","Cabo Corrientes","2017","Hidrocarburos, más de una fracción","Más de un combustible o producto","1"
"Jalisco","Cabo Corrientes","2019","Hidrocarburos, fracción ligera","Gasolina","1"
"Jalisco","Cabo Corrientes","2022","Hidrocarburos, fracción ligera","Gasolina","1"
"Jalisco","Cuautla","2021","Hidrocarburos, fracción ligera","Gasolina","1"
"Jalisco","La Huerta","2018","Hidrocarburos, fracción ligera","Gasolina","1"
"Jalisco","La Huerta","2021","Hidrocarburos, fracción ligera","Gasolina","1"
"Jalisco","La Huerta","2023","Hidrocarburos, más de una fracción","Más de un combustible o producto","2"
"Jalisco","Lagos de Moreno","2020","Hidrocarburos, fracción pesada","Combustóleo","1"
"Jalisco","Lagos de Moreno","2023","Hidrocarburos, fracción media","Diésel","1"
"Jalisco","Lagos de Moreno","2024","Hidrocarburos, fracción media","Diésel","1"
"Jalisco","Ocotlán","2022","Hidrocarburos, fracción ligera","Gasolina","1"
"Jalisco","Ocotlán","2024","Hidrocarburos, fracción media","Turbosina","1"
"Jalisco","Puerto Vallarta","2019","Hidrocarburos, fracción ligera","Gasolina","1"
"Jalisco","El Salto","2018","Hidrocarburos, fracción media","Diésel","1"
"Jalisco","San Juan de los Lagos","2018","Hidrocarburos, fracción media","Diésel","1"
"Jalisco","San Juan de los Lagos","2019","Hidrocarburos, fracción media","Diésel","1"
"Jalisco","San Juan de los Lagos","2022","Hidrocarburos, más de una fracción","Más de un combustible o producto","1"
"Jalisco","San Juan de los Lagos","2023","Hidrocarburos, más de una fracción","Más de un combustible o producto","1"
"Jalisco","Gómez Farías","2018","Hidrocarburos, fracción ligera","Gasolina","1"
"Jalisco","Gómez Farías","2019","Hidrocarburos, fracción ligera","Gasolina","1"
"Jalisco","Talpa de Allende","2024","Hidrocarburos, más de una fracción","Más de un combustible o producto","1"
"Jalisco","Teocuitatlán de Corona","2017","Hidrocarburos, fracción ligera","Gasolina","1"
"Jalisco","Tequila","2021","Hidrocarburos, fracción pesada","Combustóleo","1"
"Jalisco","Tequila","2024","Hidrocarburos, fracción pesada","Combustóleo","1"
"Jalisco","Tomatlán","2021","Hidrocarburos, fracción ligera","Gasolina","1"
"Jalisco","Unión de San Antonio","2022","Hidrocarburos, fracción ligera","Gasolina","1"
"Jalisco","Unión de San Antonio","2024","Hidrocarburos, fracción ligera","Gasolina","1"
"Jalisco","Zacoalco de Torres","2019","Hidrocarburos, fracción media","Diésel","1"
"Jalisco","Zacoalco de Torres","2021","Hidrocarburos, fracción ligera","Gasolina","1"
"Jalisco","Zapopan","2024","Hidrocarburos, fracción ligera","Gasolina","1"
"Jalisco","Zapotlán del Rey","2018","Hidrocarburos, fracción pesada","Combustóleo","1"
"México","Acambay de Ruíz Castañeda","2022","Hidrocarburos, fracción ligera","Gasolina","1"
"México","Acambay de Ruíz Castañeda","2023","Hidrocarburos, fracción ligera","Gasolina","1"
"México","Apaxco","2020","Hidrocarburos, fracción media","Diésel","1"
"México","Huehuetoca","2022","Hidrocarburos, fracción ligera","Gasolina","1"
"México","Huehuetoca","2023","Hidrocarburos, fracción ligera","Gasolina","1"
"México","Hueypoxtla","2017","Hidrocarburos, fracción media","Diésel","1"
"México","Ixtapaluca","2016","Hidrocarburos, fracción media","Turbosina","1"
"México","Ixtapaluca","2019","Hidrocarburos, fracción media","Turbosina","1"
"México","Jilotepec","2022","Hidrocarburos, fracción ligera","Gasolina","1"
"México","Jilotepec","2023","Hidrocarburos, fracción ligera","Gasolina","1"
"México","Jilotepec","2024","Hidrocarburos, fracción media","Diésel","1"
"México","Otumba","2015","Hidrocarburos, fracción ligera","Gasolina","1"
"México","Soyaniquilpan de Juárez","2018","Hidrocarburos, fracción pesada","Combustóleo","1"
"México","Soyaniquilpan de Juárez","2023","Hidrocarburos, fracción media","Diésel","1"
"México","Tejupilco","2019","Hidrocarburos, fracción media","Diésel","1"
"México","Temascaltepec","2020","Hidrocarburos, fracción ligera","Gasolina","1"
"México","Toluca","2016","Hidrocarburos, fracción media","Turbosina","1"
"México","Toluca","2020","Hidrocarburos, fracción ligera","Gasolina","1"
"México","Toluca","2021","Hidrocarburos, fracción media","Diésel","1"
"México","Villa de Allende","2020","Hidrocarburos, fracción ligera","Gasolina","1"
"Michoacán","Arteaga","2016","Hidrocarburos, fracción pesada","Combustóleo","1"
"Michoacán","Arteaga","2017","Hidrocarburos, fracción media","Diésel","2"
"Michoacán","Arteaga","2017","Hidrocarburos, fracción pesada","Combustóleo","1"
"Michoacán","Arteaga","2018","Hidrocarburos, fracción ligera","Gasolina","2"
"Michoacán","Arteaga","2019","Hidrocarburos, fracción ligera","Gasolina","1"
"Michoacán","Copándaro","2017","Hidrocarburos, fracción media","Diésel","1"
"Michoacán","Copándaro","2020","Hidrocarburos, fracción media","Diésel","1"
"Michoacán","Cuitzeo","2021","Hidrocarburos, fracción ligera","Gasolina","1"
"Michoacán","Charo","2022","Hidrocarburos, fracción media","Diésel","1"
"Michoacán","Gabriel Zamora","2020","Hidrocarburos, fracción pesada","Combustóleo","1"
"Michoacán","La Huacana","2016","Hidrocarburos, fracción pesada","Combustóleo","1"
"Michoacán","La Huacana","2024","Hidrocarburos, fracción ligera","Gasolina","1"
"Michoacán","Lázaro Cárdenas","2017","Hidrocarburos, fracción media","Diésel","1"
"Michoacán","Pátzcuaro","2019","Hidrocarburos, fracción ligera","Gasolina","1"
"Michoacán","La Piedad","2019","Hidrocarburos, fracción pesada","Combustóleo","2"
"Michoacán","La Piedad","2020","Hidrocarburos, fracción pesada","Combustóleo","1"
"Michoacán","Tacámbaro","2021","Hidrocarburos, fracción media","Diésel","1"
"Michoacán","Tarímbaro","2017","Hidrocarburos, fracción media","Diésel","1"
"Michoacán","Tzitzio","2019","Hidrocarburos, fracción ligera","Gasolina","1"
"Michoacán","Zamora","2019","Hidrocarburos, fracción ligera","Gasolina","2"
"Michoacán","Zinapécuaro","2017","Hidrocarburos, más de una fracción","Más de un combustible o producto","1"
"Morelos","Atlatlahucan","2017","Hidrocarburos, fracción pesada","Combustóleo","1"
"Nayarit","Acaponeta","2019","Hidrocarburos, fracción media","Diésel","1"
"Nayarit","Compostela","2018","Hidrocarburos, fracción media","Turbosina","1"
"Nayarit","Jala","2018","Hidrocarburos, fracción media","Diésel","2"
"Nayarit","Rosamorada","2018","Hidrocarburos, fracción ligera","Gasolina","1"
"Nayarit","Rosamorada","2019","Hidrocarburos, fracción ligera","Gasolina","2"
"Nayarit","Santa María del Oro","2020","Hidrocarburos, fracción ligera","Gasolina","1"
"Nayarit","Santa María del Oro","2020","Hidrocarburos, fracción media","Turbosina","1"
"Nayarit","Santiago Ixcuintla","2019","Hidrocarburos, fracción media","Diésel","1"
"Nuevo León","Allende","2024","Hidrocarburos, fracción media","Diésel","1"
"Nuevo León","Cadereyta Jiménez","2015","Hidrocarburos, fracción pesada","Petróleo crudo","1"
"Nuevo León","Cadereyta Jiménez","2016","Hidrocarburos, fracción media","Diésel","1"
"Nuevo León","China","2022","Hidrocarburos, fracción media","Diésel","1"
"Nuevo León","China","2023","Hidrocarburos, fracción media","Diésel","1"
"Nuevo León","Doctor Arroyo","2018","Hidrocarburos, fracción ligera","Gasolina","1"
"Nuevo León","Doctor Arroyo","2020","Hidrocarburos, fracción ligera","Gasolina","1"
"Nuevo León","Galeana","2017","Hidrocarburos, fracción media","Diésel","1"
"Nuevo León","General Bravo","2021","Hidrocarburos, fracción media","Diésel","1"
"Nuevo León","General Bravo","2023","Hidrocarburos, fracción media","Diésel","1"
"Nuevo León","General Bravo","2024","Hidrocarburos, fracción media","Diésel","1"
"Nuevo León","General Escobedo","2018","Hidrocarburos, fracción media","Diésel","1"
"Nuevo León","General Escobedo","2021","Hidrocarburos, fracción media","Diésel","1"
"Nuevo León","Hualahuises","2019","Hidrocarburos, fracción ligera","Gasolina","1"
"Nuevo León","Juárez","2024","Hidrocarburos, más de una fracción","Más de un combustible o producto","2"
"Nuevo León","Monterrey","2018","Hidrocarburos, fracción media","Diésel","1"
"Oaxaca","Asunción Nochixtlán","2020","Hidrocarburos, fracción ligera","Gasolina","1"
"Oaxaca","Heroica Ciudad de Juchitán de Zaragoza","2017","Hidrocarburos, fracción media","Turbosina","1"
"Oaxaca","Heroica Ciudad de Juchitán de Zaragoza","2018","Hidrocarburos, fracción media","Turbosina","1"
"Oaxaca","Heroica Ciudad de Juchitán de Zaragoza","2019","Hidrocarburos, fracción media","Turbosina","1"
"Oaxaca","Heroica Ciudad de Juchitán de Zaragoza","2020","Hidrocarburos, fracción media","Turbosina","1"
"Oaxaca","San Jerónimo Sosola","2019","Hidrocarburos, fracción ligera","Gasolina","1"
"Oaxaca","San Jerónimo Sosola","2024","Hidrocarburos, fracción media","Diésel","1"
"Oaxaca","San Juan Lajarcia","2018","Hidrocarburos, fracción media","Diésel","1"
"Oaxaca","San Pablo Etla","2016","Hidrocarburos, fracción media","Diésel","1"
"Oaxaca","Santa María Ecatepec","2020","Hidrocarburos, más de una fracción","Más de un combustible o producto","4"
"Oaxaca","Santa María Ecatepec","2021","Hidrocarburos, más de una fracción","Más de un combustible o producto","2"
"Oaxaca","Santiago Suchilquitongo","2024","Hidrocarburos, fracción ligera","Gasolina","1"
"Puebla","Esperanza","2019","Hidrocarburos, más de una fracción","Más de un combustible o producto","2"
"Puebla","Esperanza","2021","Hidrocarburos, fracción media","Diésel","1"
"Puebla","Esperanza","2022","Hidrocarburos, fracción media","Turbosina","1"
"Puebla","Esperanza","2024","Hidrocarburos, fracción media","Turbosina","1"
"Puebla","Francisco Z. Mena","2016","Hidrocarburos, más de una fracción","Más de un combustible o producto","1"
"Puebla","Huauchinango","2023","Hidrocarburos, fracción pesada","Combustóleo","1"
"Puebla","Huauchinango","2024","Hidrocarburos, fracción media","Diésel","1"
"Puebla","Jalpan","2021","Hidrocarburos, fracción ligera","Gasolina","1"
"Puebla","Puebla","2020","Hidrocarburos, fracción ligera","Gasolina","1"
"Puebla","Puebla","2023","Hidrocarburos, fracción ligera","Gasolina","1"
"Puebla","San Martín Texmelucan","2019","Hidrocarburos, fracción media","Diésel","1"
"Puebla","San Martín Texmelucan","2020","Hidrocarburos, fracción media","Diésel","1"
"Puebla","San Salvador El Verde","2022","Hidrocarburos, fracción ligera","Gasolina","1"
"Puebla","San Salvador El Verde","2023","Hidrocarburos, fracción ligera","Gasolina","1"
"Puebla","Venustiano Carranza","2023","Hidrocarburos, fracción pesada","Petróleo crudo","1"
"Puebla","Venustiano Carranza","2024","Hidrocarburos, fracción pesada","Aceites, grasas","1"
"Querétaro","Corregidora","2024","Hidrocarburos, fracción media","Diésel","1"
"Querétaro","Querétaro","2020","Hidrocarburos, fracción media","Diésel","2"
"Quintana Roo","Felipe Carrillo Puerto","2018","Hidrocarburos, fracción ligera","Gasolina","1"
"Quintana Roo","Felipe Carrillo Puerto","2019","Hidrocarburos, fracción ligera","Gasolina","1"
"Quintana Roo","Benito Juárez","2016","Hidrocarburos, fracción media","Turbosina","2"
"Quintana Roo","Benito Juárez","2018","Hidrocarburos, fracción media","Turbosina","1"
"Quintana Roo","José María Morelos","2018","Hidrocarburos, fracción media","Diésel","1"
"Quintana Roo","José María Morelos","2019","Hidrocarburos, fracción ligera","Gasolina","1"
"Quintana Roo","José María Morelos","2020","Hidrocarburos, fracción media","Diésel","1"
"Quintana Roo","José María Morelos","2022","Hidrocarburos, fracción ligera","Gasolina","1"
"Quintana Roo","José María Morelos","2023","Hidrocarburos, fracción ligera","Gasolina","1"
"Quintana Roo","Lázaro Cárdenas","2018","Hidrocarburos, fracción media","Diésel","1"
"Quintana Roo","Lázaro Cárdenas","2019","Hidrocarburos, fracción media","Diésel","1"
"Quintana Roo","Lázaro Cárdenas","2020","Hidrocarburos, fracción media","Diésel","1"
"Quintana Roo","Solidaridad","2018","Hidrocarburos, fracción media","Diésel","1"
"San Luis Potosí","Aquismón","2016","Hidrocarburos, fracción ligera","Gasolina","1"
"San Luis Potosí","Aquismón","2021","Hidrocarburos, fracción media","Diésel","1"
"San Luis Potosí","Cerritos","2016","Hidrocarburos, fracción media","Diésel","1"
"San Luis Potosí","Cerritos","2017","Hidrocarburos, fracción media","Diésel","1"
"San Luis Potosí","Cerritos","2020","Hidrocarburos, fracción media","Diésel","1"
"San Luis Potosí","Cerritos","2024","Hidrocarburos, fracción media","Diésel","1"
"San Luis Potosí","Guadalcázar","2021","Hidrocarburos, fracción media","Diésel","1"
"San Luis Potosí","Matehuala","2021","Hidrocarburos, fracción media","Diésel","1"
"San Luis Potosí","Rioverde","2022","Hidrocarburos, más de una fracción","Más de un combustible o producto","1"
"San Luis Potosí","Rioverde","2023","Hidrocarburos, más de una fracción","Más de un combustible o producto","1"
"San Luis Potosí","San Luis Potosí","2017","Hidrocarburos, fracción media","Diésel","1"
"San Luis Potosí","Santa María del Río","2017","Hidrocarburos, fracción media","Diésel","1"
"San Luis Potosí","Santa María del Río","2022","Hidrocarburos, fracción media","Diésel","1"
"San Luis Potosí","Santa María del Río","2023","Hidrocarburos, fracción media","Diésel","1"
"San Luis Potosí","Tamasopo","2017","Hidrocarburos, fracción media","Diésel","2"
"San Luis Potosí","Tamasopo","2018","Hidrocarburos, fracción ligera","Gasolina","1"
"San Luis Potosí","Tamasopo","2019","Hidrocarburos, fracción ligera","Gasolina","1"
"San Luis Potosí","Tamasopo","2024","Hidrocarburos, más de una fracción","Más de un combustible o producto","2"
"San Luis Potosí","Villa de Arriaga","2017","Hidrocarburos, fracción ligera","Gasolina","1"
"San Luis Potosí","Villa de Arriaga","2018","Hidrocarburos, fracción media","Diésel","1"
"San Luis Potosí","Villa de Arriaga","2022","Hidrocarburos, fracción ligera","Gasolina","1"
"San Luis Potosí","Villa de Arriaga","2023","Hidrocarburos, fracción ligera","Gasolina","1"
"San Luis Potosí","Villa de Reyes","2017","Hidrocarburos, fracción pesada","Combustóleo","1"
"San Luis Potosí","Villa Hidalgo","2023","Hidrocarburos, fracción ligera","Gasolina","1"
"Sinaloa","Ahome","2016","Hidrocarburos, fracción ligera","Gasolina","2"
"Sinaloa","Ahome","2016","Hidrocarburos, fracción media","Diésel","2"
"Sinaloa","Concordia","2022","Hidrocarburos, fracción media","Diésel","1"
"Sinaloa","Concordia","2023","Hidrocarburos, fracción media","Diésel","1"
"Sinaloa","Culiacán","2016","Hidrocarburos, más de una fracción","Más de un combustible o producto","1"
"Sinaloa","Culiacán","2019","Hidrocarburos, más de una fracción","Más de un combustible o producto","1"
"Sinaloa","Culiacán","2020","Hidrocarburos, fracción media","Diésel","1"
"Sinaloa","Elota","2022","Hidrocarburos, fracción ligera","Gasolina","1"
"Sinaloa","Elota","2023","Hidrocarburos, más de una fracción","Más de un combustible o producto","2"
"Sinaloa","Escuinapa","2019","Hidrocarburos, fracción media","Turbosina","1"
"Sinaloa","Escuinapa","2020","Hidrocarburos, fracción ligera","Gasolina","1"
"Sinaloa","Guasave","2024","Hidrocarburos, fracción media","Diésel","1"
"Sinaloa","Mazatlán","2017","Hidrocarburos, fracción media","Diésel","1"
"Sinaloa","Mazatlán","2021","Hidrocarburos, fracción ligera","Gasolina","1"
"Sinaloa","Mazatlán","2022","Hidrocarburos, fracción ligera","Gasolina","1"
"Sinaloa","Mazatlán","2023","Hidrocarburos, fracción media","Diésel","1"
"Sinaloa","Mocorito","2016","Hidrocarburos, fracción ligera","Gasolina","1"
"Sinaloa","Mocorito","2016","Hidrocarburos, fracción pesada","Combustóleo","1"
"Sinaloa","Rosario","2016","Hidrocarburos, fracción ligera","Gasolina","1"
"Sinaloa","Rosario","2017","Hidrocarburos, fracción media","Diésel","1"
"Sinaloa","Salvador Alvarado","2016","Hidrocarburos, fracción media","Diésel","1"
"Sinaloa","Salvador Alvarado","2017","Hidrocarburos, fracción ligera","Gasolina","1"
"Sinaloa","Navolato","2024","Hidrocarburos, fracción media","Diésel","1"
"Sonora","Agua Prieta","2018","Hidrocarburos, fracción media","Diésel","1"
"Sonora","Agua Prieta","2024","Hidrocarburos, más de una fracción","Más de un combustible o producto","2"
"Sonora","Caborca","2024","Hidrocarburos, fracción media","Diésel","1"
"Sonora","Cananea","2016","Hidrocarburos, fracción media","Diésel","1"
"Sonora","Cananea","2024","Hidrocarburos, más de una fracción","Más de un combustible o producto","2"
"Sonora","La Colorada","2020","Hidrocarburos, fracción media","Diésel","2"
"Sonora","Cumpas","2024","Hidrocarburos, fracción media","Diésel","1"
"Sonora","Guaymas","2018","Hidrocarburos, fracción media","Diésel","1"
"Sonora","Hermosillo","2016","Hidrocarburos, fracción media","Diésel","4"
"Sonora","Hermosillo","2019","Hidrocarburos, fracción media","Diésel","1"
"Sonora","Hermosillo","2020","Hidrocarburos, fracción media","Diésel","1"
"Sonora","Hermosillo","2021","Hidrocarburos, fracción media","Diésel","1"
"Sonora","Hermosillo","2022","Hidrocarburos, fracción media","Diésel","1"
"Sonora","Hermosillo","2023","Hidrocarburos, fracción media","Diésel","1"
"Sonora","Hermosillo","2024","Hidrocarburos, más de una fracción","Más de un combustible o producto","2"
"Sonora","Imuris","2024","Hidrocarburos, más de una fracción","Más de un combustible o producto","2"
"Sonora","Nacozari de García","2024","Hidrocarburos, fracción media","Diésel","2"
"Sonora","Rosario","2018","Hidrocarburos, fracción media","Diésel","1"
"Sonora","Sahuaripa","2023","Hidrocarburos, fracción ligera","Gasolina","1"
"Sonora","San Javier","2019","Hidrocarburos, fracción media","Diésel","1"
"Sonora","San Luis Río Colorado","2017","Hidrocarburos, fracción pesada","Combustóleo","1"
"Sonora","Ures","2016","Hidrocarburos, fracción media","Diésel","1"
"Sonora","Ures","2017","Hidrocarburos, fracción media","Diésel","1"
"Sonora","Yécora","2018","Hidrocarburos, fracción media","Diésel","1"
"Sonora","Yécora","2019","Hidrocarburos, fracción media","Diésel","2"
"Sonora","Yécora","2020","Hidrocarburos, fracción media","Diésel","2"
"Sonora","Yécora","2024","Hidrocarburos, fracción media","Diésel","1"
"Sonora","General Plutarco Elías Calles","2018","Hidrocarburos, fracción media","Diésel","1"
"Sonora","General Plutarco Elías Calles","2019","Hidrocarburos, fracción media","Diésel","1"
"Sonora","General Plutarco Elías Calles","2020","Hidrocarburos, fracción media","Diésel","1"
"Tabasco","Cárdenas","2021","Hidrocarburos, fracción media","Diésel","1"
"Tabasco","Cárdenas","2022","Hidrocarburos, más de una fracción","Petróleo crudo","1"
"Tabasco","Cárdenas","2024","Hidrocarburos, fracción ligera","Gasolina","1"
"Tabasco","Centro","2022","Hidrocarburos, fracción media","Diésel","1"
"Tabasco","Comalcalco","2018","Hidrocarburos, fracción pesada","Petróleo crudo","1"
"Tabasco","Comalcalco","2019","Hidrocarburos, fracción ligera","Gasolina","1"
"Tabasco","Comalcalco","2020","Hidrocarburos, más de una fracción","Petróleo crudo","1"
"Tabasco","Cunduacán","2016","Hidrocarburos, fracción pesada","Petróleo crudo","1"
"Tabasco","Cunduacán","2017","Hidrocarburos, fracción ligera","Gasolina","1"
"Tabasco","Cunduacán","2021","Hidrocarburos, fracción ligera","Gasolina","1"
"Tabasco","Cunduacán","2022","Hidrocarburos, fracción ligera","Gasolina","1"
"Tabasco","Nacajuca","2016","Otros contaminantes distintos a hidrocarburos","Otros","1"
"Tabasco","Paraíso","2023","Hidrocarburos, fracción ligera","Gasolina","1"
"Tamaulipas","Altamira","2016","Hidrocarburos, fracción ligera","Gasolina","2"
"Tamaulipas","Altamira","2017","Hidrocarburos, fracción media","Diésel","1"
"Tamaulipas","Altamira","2023","Hidrocarburos, fracción ligera","Gasolina","1"
"Tamaulipas","González","2019","Hidrocarburos, más de una fracción","Más de un combustible o producto","2"
"Tamaulipas","González","2021","Hidrocarburos, fracción media","Diésel","1"
"Tamaulipas","González","2024","Hidrocarburos, fracción media","Turbosina","1"
"Tamaulipas","Güémez","2021","Hidrocarburos, fracción media","Diésel","1"
"Tamaulipas","Güémez","2024","Hidrocarburos, fracción ligera","Gasolina","1"
"Tamaulipas","Hidalgo","2024","Hidrocarburos, fracción ligera","Gasolina","1"
"Tamaulipas","Jaumave","2018","Hidrocarburos, fracción ligera","Gasolina","1"
"Tamaulipas","Jaumave","2019","Hidrocarburos, fracción ligera","Gasolina","1"
"Tamaulipas","Jaumave","2020","Hidrocarburos, fracción media","Diésel","1"
"Tamaulipas","Llera","2019","Hidrocarburos, fracción media","Diésel","1"
"Tamaulipas","Llera","2021","Hidrocarburos, fracción media","Diésel","1"
"Tamaulipas","Reynosa","2016","Hidrocarburos, fracción pesada","Petróleo crudo","1"
"Tamaulipas","Reynosa","2021","Hidrocarburos, fracción media","Diésel","1"
"Tamaulipas","Reynosa","2024","Hidrocarburos, más de una fracción","Más de un combustible o producto","2"
"Tamaulipas","San Fernando","2020","Hidrocarburos, fracción ligera","Gasolina","1"
"Tamaulipas","Tula","2021","Hidrocarburos, fracción ligera","Gasolina","1"
"Tamaulipas","Victoria","2016","Hidrocarburos, fracción media","Turbosina","1"
"Tamaulipas","Victoria","2016","Hidrocarburos, más de una fracción","Más de un combustible o producto","1"
"Tamaulipas","Victoria","2017","Hidrocarburos, fracción media","Turbosina","1"
"Tamaulipas","Victoria","2019","Hidrocarburos, fracción media","Turbosina","1"
"Tamaulipas","Victoria","2020","Hidrocarburos, fracción media","Turbosina","1"
"Tamaulipas","Victoria","2021","Hidrocarburos, fracción ligera","Gasolina","1"
"Tamaulipas","Victoria","2021","Hidrocarburos, fracción media","Diésel","1"
"Tamaulipas","Victoria","2022","Hidrocarburos, fracción media","Diésel","1"
"Tamaulipas","Victoria","2023","Hidrocarburos, fracción media","Más de un combustible o producto","2"
"Tamaulipas","Victoria","2024","Hidrocarburos, fracción ligera","Gasolina","1"
"Tlaxcala","Cuapiaxtla","2020","Hidrocarburos, fracción ligera","Gasolina","1"
"Veracruz","Actopan","2016","Hidrocarburos, fracción ligera","Gasolina","1"
"Veracruz","Actopan","2024","Hidrocarburos, fracción media","Diésel","1"
"Veracruz","Alto Lucero de Gutiérrez Barrios","2022","Hidrocarburos, fracción media","Diésel","1"
"Veracruz","Amatlán de los Reyes","2016","Hidrocarburos, fracción media","Turbosina","1"
"Veracruz","Amatlán de los Reyes","2017","Hidrocarburos, fracción media","Diésel","1"
"Veracruz","Amatlán de los Reyes","2018","Hidrocarburos, fracción pesada","Combustóleo","1"
"Veracruz","Coatzacoalcos","2019","Hidrocarburos, fracción pesada","Combustóleo","1"
"Veracruz","Cosamaloapan de Carpio","2019","Hidrocarburos, fracción ligera","Gasolina","1"
"Veracruz","Cosamaloapan de Carpio","2022","Hidrocarburos, fracción media","Diésel","1"
"Veracruz","Cosoleacaque","2016","Hidrocarburos, fracción media","Diésel","1"
"Veracruz","Cosoleacaque","2018","Hidrocarburos, fracción media","Turbosina","1"
"Veracruz","Cosoleacaque","2024","Hidrocarburos, fracción media","Turbosina","1"
"Veracruz","Cotaxtla","2024","Hidrocarburos, fracción ligera","Gasolina","1"
"Veracruz","Cuitláhuac","2017","Hidrocarburos, fracción media","Diésel","1"
"Veracruz","Las Choapas","2020","Hidrocarburos, fracción media","Turbosina","1"
"Veracruz","Xalapa","2020","Hidrocarburos, fracción media","Diésel","1"
"Veracruz","Juan Rodríguez Clara","2017","Hidrocarburos, fracción media","Diésel","1"
"Veracruz","Maltrata","2020","Hidrocarburos, fracción ligera","Gasolina","1"
"Veracruz","Maltrata","2024","Hidrocarburos, fracción pesada","Combustóleo","1"
"Veracruz","Medellín de Bravo","2020","Hidrocarburos, fracción ligera","Gasolina","1"
"Veracruz","Minatitlán","2020","Hidrocarburos, fracción ligera","Gasolina","1"
"Veracruz","Minatitlán","2024","Hidrocarburos, más de una fracción","Más de un combustible o producto","2"
"Veracruz","Moloacán","2024","Hidrocarburos, fracción ligera","Gasolina","1"
"Veracruz","Oluta","2018","Hidrocarburos, fracción media","Turbosina","1"
"Veracruz","Ozuluama de Mascareñas","2024","Hidrocarburos, fracción media","Diésel","1"
"Veracruz","Pánuco","2023","Hidrocarburos, más de una fracción","Petróleo crudo","1"
"Veracruz","Papantla","2016","Hidrocarburos, fracción pesada","Petróleo crudo","2"
"Veracruz","Papantla","2019","Hidrocarburos, fracción ligera","Gasolina","1"
"Veracruz","Papantla","2021","Hidrocarburos, fracción media","Diésel","1"
"Veracruz","Papantla","2023","Hidrocarburos, más de una fracción","Petróleo crudo","1"
"Veracruz","Las Vigas de Ramírez","2023","Hidrocarburos, fracción media","Diésel","1"
"Veracruz","Tampico Alto","2024","Hidrocarburos, fracción media","Diésel","1"
"Veracruz","Castillo de Teayo","2016","Hidrocarburos, fracción pesada","Petróleo crudo","1"
"Veracruz","Castillo de Teayo","2022","Hidrocarburos, fracción pesada","Petróleo crudo","1"
"Veracruz","Castillo de Teayo","2024","Hidrocarburos, fracción pesada","Aceites, grasas","1"
"Veracruz","Tierra Blanca","2018","Hidrocarburos, fracción media","Turbosina","1"
"Veracruz","Tihuatlán","2016","Hidrocarburos, fracción pesada","Petróleo crudo","1"
"Veracruz","Tihuatlán","2024","Hidrocarburos, fracción media","Diésel","1"
"Veracruz","Tuxpan","2021","Hidrocarburos, fracción media","Diésel","1"
"Veracruz","Veracruz","2021","Hidrocarburos, fracción media","Diésel","1"
"Veracruz","Veracruz","2022","Hidrocarburos, fracción ligera","Gasolina","1"
"Veracruz","Veracruz","2023","Hidrocarburos, fracción ligera","Gasolina","1"
"Veracruz","Veracruz","2024","Hidrocarburos, fracción media","Diésel","1"
"Veracruz","Agua Dulce","2018","Hidrocarburos, fracción media","Diésel","1"
"Veracruz","Agua Dulce","2022","Hidrocarburos, fracción media","Diésel","1"
"Veracruz","Agua Dulce","2023","Hidrocarburos, fracción media","Diésel","1"
"Veracruz","Nanchital de Lázaro Cárdenas del Río","2016","Hidrocarburos, fracción media","Turbosina","1"
"Veracruz","Nanchital de Lázaro Cárdenas del Río","2018","Hidrocarburos, fracción media","Diésel","1"
"Veracruz","Nanchital de Lázaro Cárdenas del Río","2019","Hidrocarburos, fracción media","Diésel","2"
"Veracruz","Nanchital de Lázaro Cárdenas del Río","2020","Hidrocarburos, fracción media","Diésel","1"
"Veracruz","Nanchital de Lázaro Cárdenas del Río","2024","Hidrocarburos, fracción ligera","Gasolina","1"
"Veracruz","Varios","2016","Hidrocarburos, fracción ligera","Gasolina","1"
"Yucatán","Acanceh","2018","Hidrocarburos, fracción media","Turbosina","1"
"Yucatán","Chemax","2017","Hidrocarburos, fracción ligera","Gasolina","1"
"Yucatán","Hoctún","2022","Hidrocarburos, fracción media","Turbosina","1"
"Yucatán","Kantunil","2020","Hidrocarburos, fracción media","Diésel","1"
"Yucatán","Kantunil","2024","Hidrocarburos, fracción media","Diésel","1"
"Yucatán","Mérida","2018","Hidrocarburos, fracción media","Turbosina","1"
"Yucatán","Seyé","2019","Hidrocarburos, fracción ligera","Gasolina","1"
"Yucatán","Tahmek","2019","Hidrocarburos, fracción media","Diésel","1"
"Yucatán","Tahmek","2021","Hidrocarburos, fracción media","Diésel","1"
"Yucatán","Tizimín","2016","Hidrocarburos, fracción media","Diésel","1"
"Yucatán","Valladolid","2016","Hidrocarburos, fracción media","Diésel","1"
"Yucatán","Valladolid","2018","Hidrocarburos, fracción media","Turbosina","1"
"Yucatán","Valladolid","2019","Hidrocarburos, fracción media","Turbosina","1"
"Zacatecas","Concepción del Oro","2017","Hidrocarburos, fracción ligera","Gasolina","1"
"Zacatecas","Concepción del Oro","2021","Hidrocarburos, fracción media","Diésel","2"
"Zacatecas","Concepción del Oro","2023","Hidrocarburos, fracción media","Diésel","2"
"Zacatecas","Fresnillo","2021","Hidrocarburos, fracción media","Diésel","1"
"Zacatecas","Mazapil","2016","Hidrocarburos, fracción media","Diésel","1"
"Zacatecas","Morelos","2022","Hidrocarburos, fracción media","Diésel","1"
"Zacatecas","Morelos","2024","Hidrocarburos, fracción media","Diésel","1"
"Zacatecas","Río Grande","2017","Hidrocarburos, fracción pesada","Combustóleo","1"
"Zacatecas","Sain Alto","2023","Hidrocarburos, más de una fracción","Más de un combustible o producto","1"
"Zacatecas","Vetagrande","2023","Hidrocarburos, fracción ligera","Gasolina","1"
"Zacatecas","Villa de Cos","2019","Hidrocarburos, fracción media","Diésel","2"
"Zacatecas","Villa de Cos","2020","Hidrocarburos, fracción media","Diésel","2"
"Zacatecas","Villa de Cos","2021","Hidrocarburos, fracción ligera","Gasolina","1"
"Zacatecas","Villa de Cos","2024","Hidrocarburos, fracción ligera","Gasolina","1"